firm_index,firm_ticker,q,p,u,d
1,MMM,0.5451147500137891,0.5163346613545817,1.0097246998950633,0.988738940251385
2,AOS,0.5108349203696542,0.5067729083665339,1.0122773494693582,0.9875438543778793
3,ABT,0.5222644959758027,0.5426294820717131,1.0100611582893642,0.9893748772139148
4,ABBV,0.5106076586118424,0.5258964143426295,1.011252943602445,0.9886241541987641
6,ACN,0.5298224958111479,0.547410358565737,1.010247867317276,0.9888319555516775
7,ATVI,0.49825869243167537,0.503585657370518,1.0127749157208537,0.9876696908620449
8,ADM,0.5189922438119626,0.547410358565737,1.0104167419755994,0.9891319404926917
9,ADBE,0.5454440813811263,0.5633466135458167,1.012862225205707,0.9849588643368246
10,AAP,0.5040505188423761,0.5139442231075697,1.013210475709319,0.9869338309480373
11,AMD,0.49607016978626417,0.5330677290836653,1.0221591439529478,0.9785408557277263
12,AES,0.5194707350750672,0.5490039840637451,1.0132074177731762,0.9860939174085035
13,AFL,0.5288519270702928,0.545816733067729,1.0101744847637029,0.988958442579453
14,A,0.518365832667664,0.5426294820717131,1.0114192612982604,0.988080647289371
15,APD,0.5119876604330926,0.5322709163346614,1.0102981204474037,0.989561896681041
16,AKAM,0.5231436812527607,0.5298804780876494,1.0110870503251053,0.9882112646369445
17,ALK,0.49088066222103194,0.48366533864541833,1.0183978462154801,0.982612014701864
18,ALB,0.5111149523933731,0.5258964143426295,1.019286114240963,0.9802022294686485
19,ARE,0.5218221225956731,0.5227091633466135,1.0096318730404585,0.9898624815362441
20,ALGN,0.5066778945600545,0.5115537848605578,1.020210033735227,0.9796048264255632
21,ALLE,0.5190010671185992,0.5266932270916335,1.011769932212568,0.9876714487300113
22,LNT,0.5203088009410192,0.5274900398406375,1.00898563520417,0.9906258073648251
23,ALL,0.5343359510283637,0.5426294820717131,1.0096400178803548,0.9893218710793485
24,GOOGL,0.5077638022017473,0.5219123505976095,1.0118299772756536,0.9881596540560864
25,GOOG,0.5087904663434277,0.5235059760956176,1.01174916023106,0.9881938909114067
26,MO,0.5588665556719052,0.5402390438247012,1.009754827484316,0.9880465661088863
27,AMZN,0.5140159162783079,0.5235059760956176,1.0136935264285385,0.9858840991081164
29,AEE,0.529425274016639,0.5434262948207171,1.0086102104830397,0.9906924970061377
30,AAL,0.487484877686064,0.47330677290836654,1.0244778997314634,0.9770660063060418
31,AEP,0.5353470234226052,0.5426294820717131,1.0084986619658105,0.9905926654225461
32,AXP,0.5097640324704926,0.5227091633466135,1.0134179515538064,0.9864118462141133
33,AIG,0.5271007458428655,0.5314741035856574,1.014326155058278,0.9844094919201735
34,AMT,0.520209228189629,0.5322709163346614,1.0104271798771778,0.989066634602184
35,AWK,0.5321465939469813,0.550597609561753,1.00921329898741,0.9899023107651974
36,AMP,0.5152962755217204,0.5338645418326693,1.0141538854603673,0.9853212246385183
37,ABC,0.5190505297186586,0.5354581673306773,1.012087568069401,0.987326171224455
38,AME,0.5134281818174006,0.5354581673306773,1.0104376945805944,0.9893532280664523
39,AMGN,0.5076186825881528,0.5187250996015936,1.0098565844878216,0.9902010923475129
40,APH,0.529046824204978,0.545816733067729,1.0104352733890551,0.9886567048544178
41,ADI,0.5194613598847047,0.5362549800796813,1.0130361517834034,0.9862795845967972
42,ANSS,0.5200286835790499,0.5330677290836653,1.0132900745985092,0.9859728438046343
44,AON,0.5240012745633871,0.5537848605577689,1.0092831994425475,0.990155811946293
45,APA,0.5020324066376234,0.5155378486055777,1.0266673375761883,0.9734736146193733
46,AAPL,0.5088742166174918,0.5418326693227091,1.0127307560195302,0.9871728051425022
47,AMAT,0.49952327249075434,0.5155378486055777,1.0185352302446635,0.9818569156252764
48,APTV,0.5118254732554489,0.5179282868525896,1.0174403236397516,0.9820805592098758
49,ANET,0.5033484680988186,0.5243027888446216,1.016621868501055,0.9835135821645324
50,AJG,0.5364737815828926,0.5792828685258964,1.0087817358875826,0.9902215160502598
51,AIZ,0.5227460277142467,0.5290836653386454,1.0103709391284,0.9890146962328475
52,T,0.5289718057694356,0.4964143426294821,1.0093985897034388,0.9898243849255237
53,ATO,0.5135996861996607,0.5211155378486055,1.008947781307657,0.9909190225148358
54,ADSK,0.5160955656186271,0.5314741035856574,1.0158645929367143,0.9834490901042816
55,ADP,0.5243587465999984,0.5490039840637451,1.0097825343429512,0.9895909573909908
56,AZO,0.5039502740859862,0.545816733067729,1.0108058819450583,0.9893820326483402
57,AVB,0.5345854222362968,0.5282868525896415,1.0097779048305027,0.9891526001758251
58,AVY,0.5118079787836648,0.5250996015936255,1.0121778393332779,0.9875988797468769
61,BAC,0.5176904861294248,0.5211155378486055,1.0131770563713125,0.9862265844770293
63,BAX,0.5513779868767705,0.5354581673306773,1.0090368982059887,0.9892912981831086
64,BDX,0.5237406901233834,0.5250996015936255,1.0093199837166125,0.990125825925592
65,BRK.B,0.5005270966168659,0.5147410358565737,1.0087686497821136,0.9915703946805227
66,BBY,0.5264231032449868,0.5330677290836653,1.0153240567414652,0.9833430427354083
67,BIO,0.518435494538095,0.5338645418326693,1.0131571036027966,0.9862063709757111
68,TECH,0.5116387293330099,0.5378486055776892,1.0133407395054523,0.9863890688414833
70,BLK,0.5195539232418485,0.5290836653386454,1.0125099544757028,0.9868434589024399
71,BK,0.5228307617327365,0.5163346613545817,1.0120425705129465,0.9871793098747925
72,BA,0.5037294945978512,0.500398406374502,1.0185185554667089,0.9815629679520951
74,BWA,0.5040743233808544,0.499601593625498,1.016259015437862,0.9838339388132995
75,BXP,0.5245175497340201,0.503585657370518,1.0120026708978345,0.9871351210696083
76,BSX,0.5209880511661091,0.5394422310756972,1.0118431991913532,0.9874917986754549
77,BMY,0.5028703774465734,0.5051792828685259,1.010126645926294,0.9901156506011728
78,AVGO,0.5121552060410602,0.5330677290836653,1.0141684883417952,0.9854915379230632
79,BR,0.5214140400732626,0.5330677290836653,1.0099938437919858,0.9894849754998818
80,BRO,0.5281387073497773,0.5569721115537849,1.0091462041103831,0.9901414311470869
81,BF.B,0.5243876711210876,0.5282868525896415,1.0098729656821055,0.9894900241137942
82,CHRW,0.5428251781395625,0.5418326693227091,1.01064652292225,0.987749514932498
83,CDNS,0.5129672509170876,0.550597609561753,1.0138822585405862,0.985745195492994
84,CZR,0.48513048210027804,0.5298804780876494,1.0246157784613108,0.9771528966274864
85,CPB,0.5220363779233371,0.5258964143426295,1.0102932243919893,0.9891312853836502
86,COF,0.5163593950609123,0.5187250996015936,1.0161544471104942,0.9831219441032082
87,CAH,0.5222168914626574,0.5282868525896415,1.0126207669605334,0.9865792862869596
88,KMX,0.5131951570177595,0.5147410358565737,1.015743572960463,0.9837698039820951
89,CCL,0.5113729559217679,0.4900398406374502,1.0242184951514433,0.9750196059999124
91,CTLT,0.5234621503124557,0.5282868525896415,1.015435708493023,0.9834191097493374
92,CAT,0.5040229897030787,0.5163346613545817,1.0137401559143402,0.9863970164957948
93,CBOE,0.5325554008199175,0.5306772908366534,1.010387108013984,0.9885481122089368
95,CDW,0.5089812897245385,0.5378486055776892,1.0122302465787836,0.9876860511068342
96,CE,0.4950861383471005,0.49482071713147413,1.0147044945558963,0.9859354147470241
97,CNC,0.49716286264386933,0.5107569721115538,1.0144656557100755,0.9860527417160985
98,CNP,0.5312225846590296,0.5322709163346614,1.0103821485021212,0.9886158244540624
101,CF,0.49793047194015616,0.5163346613545817,1.0185599637759999,0.9819487468522539
102,CRL,0.5234822128279429,0.5434262948207171,1.0141862415615184,0.9847903731066385
103,SCHW,0.5032942311006176,0.5171314741035856,1.0148806979916642,0.9852814633162879
104,CHTR,0.5256486792046144,0.5235059760956176,1.0117125733471346,0.9873972916812241
105,CVX,0.497871753861311,0.5083665338645418,1.0130891155841404,0.9873775004538967
106,CMG,0.5014523656638713,0.5450199203187251,1.0146349798420757,0.985637966371281
107,CB,0.5235099787435009,0.5370517928286852,1.0099692612802094,0.9894217713642751
108,CHD,0.5269651371415911,0.5434262948207171,1.0089148440840345,0.9904463179846139
109,CI,0.507723642254481,0.5227091633466135,1.012944372196629,0.9870122212363547
110,CINF,0.5324751994946839,0.5434262948207171,1.0114807172000284,0.9873063208590973
111,CTAS,0.5110087455367949,0.546613545816733,1.011247911062972,0.9886108524478332
112,CSCO,0.5134998512996145,0.5179282868525896,1.010536147840639,0.9892462047750314
113,C,0.5134499794747072,0.501195219123506,1.0140314790517235,0.9855598089377866
114,CFG,0.5160143761708474,0.5171314741035856,1.0158857732676674,0.9834319458791624
116,CLX,0.5249167360797634,0.5211155378486055,1.0100771646555036,0.9892417068866369
117,CME,0.5158991781629878,0.5179282868525896,1.0101293048320659,0.9895742530539924
118,CMS,0.5238259312808962,0.5322709163346614,1.0085371265955831,0.9909835894097611
119,KO,0.5341639735002125,0.5442231075697211,1.007605854084983,0.9916619032330232
120,CTSH,0.5151242512257304,0.5059760956175299,1.011086582295821,0.9885901077866349
121,CL,0.5229368044795522,0.5179282868525896,1.0075837357736328,0.992061372133411
122,CMCSA,0.5198749966415459,0.5115537848605578,1.0106750525764225,0.9888131101039371
123,CMA,0.5223055139287658,0.5195219123505976,1.0159170040691092,0.9829703882830435
124,CAG,0.5158688201276387,0.5155378486055777,1.0107197224025088,0.9889464190761463
125,COP,0.48648088038575626,0.5075697211155379,1.017701386233798,0.983578413609988
126,ED,0.5447461614725341,0.545816733067729,1.008376489760819,0.9903691679248577
127,STZ,0.5243938496169599,0.5235059760956176,1.0106765861466687,0.9886037034372762
128,CPRT,0.5101637240884394,0.5426294820717131,1.0123459159137154,0.9875063335090141
129,GLW,0.5170163151076768,0.5155378486055777,1.0126954771456647,0.9867797160883175
131,COST,0.5161107091239454,0.5490039840637451,1.0089294373841486,0.9908450321787605
133,CCI,0.5230924278316784,0.5282868525896415,1.0101729804031472,0.9892163137175917
134,CSX,0.5088681331728095,0.5235059760956176,1.0114898531116268,0.9884588374064117
135,CMI,0.5181681266891583,0.5266932270916335,1.0118532268801401,0.987623531516649
136,CVS,0.5086108086441344,0.5147410358565737,1.0116974054185313,0.9882560716493659
137,DHI,0.5015374387750633,0.5171314741035856,1.0157870225527148,0.9844738680783647
138,DHR,0.49992988728868165,0.5354581673306773,1.0108842137404923,0.9894759629873138
139,DRI,0.4947799496572365,0.5091633466135458,1.0152886537396981,0.9853807624039354
140,DVA,0.5125573574246362,0.5147410358565737,1.0133426830992605,0.986336232337565
141,DE,0.5029957520604804,0.5314741035856574,1.0140777874060622,0.9861118291868168
142,DAL,0.4942274909233172,0.48844621513944225,1.018283170774624,0.9824872683158746
143,XRAY,0.5227195261378851,0.501195219123506,1.0127515393658166,0.9864086389519799
144,DVN,0.4918544156362878,0.5067729083665339,1.0244412807039933,0.9766937570076567
145,DXCM,0.49574056452374515,0.5434262948207171,1.0195397596250166,0.981144499388919
146,FANG,0.4994556845912403,0.5107569721115538,1.0235714092088026,0.976836642445342
147,DLR,0.5308208373116662,0.5243027888446216,1.0111178665651337,0.9878020843188486
148,DFS,0.5183450500757603,0.5290836653386454,1.0162590840688939,0.9828731576956156
151,DISH,0.5044366207326437,0.4828685258964143,1.0188563848105636,0.9811663572205935
152,DG,0.5085483117790123,0.5442231075697211,1.0098664177844308,0.9901537366741029
153,DLTR,0.5150536535055652,0.5250996015936255,1.0126058442180443,0.9869797993277591
154,D,0.5343864546512013,0.5195219123505976,1.0086515879705986,0.9904540920389603
155,DPZ,0.4949331848787538,0.5139442231075697,1.0122440894407878,0.9883551668147919
156,DOV,0.513412326323261,0.5290836653386454,1.0111455527797257,0.9886070340304542
158,DTE,0.5296791263392849,0.5298804780876494,1.00878200560979,0.9904893490040398
159,DUK,0.5257327618241228,0.5298804780876494,1.0083424605316078,0.9911288043878491
162,DXC,0.5240186684727975,0.5075697211155379,1.0191589573740754,0.9792826665544795
163,EMN,0.5167202241421825,0.5131474103585657,1.0139718397458584,0.9854309136374209
164,ETN,0.5101224726615582,0.5314741035856574,1.0118479834467973,0.9880269354865036
165,EBAY,0.5043410145165294,0.5059760956175299,1.0133419001316073,0.9867847042696791
166,ECL,0.5182488430376907,0.5187250996015936,1.0105163768598382,0.9890576022683558
167,EIX,0.5324027402106062,0.5314741035856574,1.0109827027265523,0.9878771024969437
168,EW,0.5161062775477568,0.5362549800796813,1.0130779314293004,0.986420540648259
169,EA,0.519054262089759,0.5211155378486055,1.012133293647143,0.9872766303451886
170,LLY,0.49920548736562254,0.5490039840637451,1.011310580916727,0.9890819157407246
171,EMR,0.5152617152120792,0.5243027888446216,1.011758633227739,0.9878693589167419
172,ENPH,0.4756053949156272,0.545816733067729,1.0341582986996993,0.9693603183298708
173,ETR,0.5342112702923297,0.5434262948207171,1.0094049057192087,0.9895969589885074
174,EOG,0.48233892575918014,0.49083665338645416,1.0201303171287626,0.9815882463643637
175,EFX,0.5183449023674398,0.5330677290836653,1.0123223613594825,0.9871097682700007
176,EQIX,0.5041302902741088,0.5147410358565737,1.011822102401707,0.98834110568032
177,EQR,0.5382021946490506,0.5330677290836653,1.010002214790251,0.9887296420256679
178,ESS,0.5259717445552964,0.5187250996015936,1.010356266977651,0.9888856489557258
179,EL,0.5082442777849923,0.5282868525896415,1.0126809662366882,0.987257004097568
180,ETSY,0.49914786709182035,0.5354581673306773,1.0257835293132094,0.9746607722009714
181,RE,0.5146465999654658,0.5274900398406375,1.0112689006268454,0.9884189252219999
183,ES,0.5305598230149535,0.5386454183266932,1.0089361655709277,0.9902807998249138
184,EXC,0.5360547395841488,0.5378486055776892,1.00935208485678,0.9895792834811191
185,EXPE,0.519405775474683,0.5171314741035856,1.0173142345138904,0.9816591095331083
186,EXPD,0.5084851424425091,0.5227091633466135,1.0106046925635455,0.98939250532274
187,EXR,0.5167463862071524,0.5338645418326693,1.0105057327137794,0.9891357004043922
188,XOM,0.5003625537224826,0.5075697211155379,1.0136226531091796,0.9867150107057835
189,FFIV,0.5179233528589171,0.5195219123505976,1.0125823868419876,0.9868524545954264
191,FAST,0.5126343220862701,0.5298804780876494,1.011160753622033,0.9886270243375944
192,FRT,0.5242902959925709,0.5163346613545817,1.0121176566326222,0.9870202723273451
193,FDX,0.5158788706535113,0.5059760956175299,1.0140369811197791,0.9854111003095606
194,FIS,0.5208218620021838,0.5091633466135458,1.0114291170484282,0.9879503128566532
195,FITB,0.5154419373018193,0.5203187250996016,1.0151268231286772,0.9842776083368682
196,FRC,0.5110039111141321,0.5211155378486055,1.0125910571034902,0.9872074803996914
197,FE,0.5501157231140194,0.5609561752988048,1.0091657062134403,0.9891891938039616
198,FISV,0.5232393530472306,0.5362549800796813,1.0112754066557303,0.9879999552247914
199,FLT,0.5213852354725944,0.5203187250996016,1.013273908937668,0.985913028048002
200,FMC,0.5138355439063381,0.5219123505976095,1.0127247115094484,0.9869183738004794
201,F,0.49213532674754223,0.4932270916334661,1.017216452095446,0.9836684114078859
202,FTNT,0.5377876245650612,0.5816733067729084,1.015480376435718,0.9823748390776561
203,FTV,0.5278915777338491,0.5227091633466135,1.0111732495166128,0.9878848233317132
205,FOXA,0.5086752968903665,0.503585657370518,1.0129702022164484,0.9869352506618225
206,FOX,0.50675071609324,0.499601593625498,1.012618676993303,0.9873979822537716
207,BEN,0.5094240925271545,0.49800796812749004,1.0150897569253596,0.9846945228243315
208,FCX,0.49170223003667607,0.5099601593625498,1.0230855119204219,0.9780195566858031
209,GPS,0.5141659172038866,0.5051792828685259,1.0230200950862356,0.9760050573981054
210,GRMN,0.5111063628392737,0.5243027888446216,1.0108039035607224,0.9890705133512869
211,IT,0.507097564595166,0.5386454183266932,1.0125923700442354,0.9874072993706822
212,GNRC,0.508662153505649,0.5282868525896415,1.0186068531057373,0.9811005509476132
213,GD,0.5309077806775218,0.5354581673306773,1.009955873460234,0.9891128799419073
214,GE,0.49270481827788015,0.48446215139442234,1.0182895475005669,0.9825885182384965
215,GIS,0.5268016684415884,0.5370517928286852,1.0090726036196123,0.9902770676824442
216,GM,0.5103866643580173,0.5083665338645418,1.0169723721925483,0.9826722753679181
217,GPC,0.5130303500608406,0.5322709163346614,1.0108623374838066,0.9889230849826636
218,GILD,0.49828962425722506,0.500398406374502,1.0106561378901002,0.9897724746786504
219,GPN,0.5243969843467258,0.5250996015936255,1.0135383542951322,0.9854481898469875
221,GS,0.4934607915046449,0.50199203187251,1.0131780879988412,0.9875147229376107
222,HAL,0.5082021061679096,0.5115537848605578,1.0213885557117557,0.9782611478794663
223,HBI,0.5075604833595895,0.4860557768924303,1.017959993282919,0.9818511813199156
224,HAS,0.5290146166748562,0.5179282868525896,1.012554242755157,0.9862781505028092
225,HCA,0.4906215645336682,0.5219123505976095,1.014626789037741,0.9862624126559344
227,HSIC,0.5253546582962649,0.5290836653386454,1.0121750688460847,0.9869004471050912
228,HES,0.48282477647867683,0.5099601593625498,1.0212649756374366,0.9804927435098683
229,HPE,0.5275845587289126,0.5306772908366534,1.0141403536406948,0.9845863529718536
230,HLT,0.5117839087830898,0.5258964143426295,1.0142240219005243,0.985455132919178
231,HOLX,0.5176736542530463,0.5346613545816733,1.011786802003703,0.9877196641982243
232,HD,0.5364523817146846,0.552988047808765,1.0099935845664223,0.9888199298956675
233,HON,0.5236756736391031,0.5338645418326693,1.0099742012089157,0.9894091926771119
234,HRL,0.5351591297652223,0.5402390438247012,1.0081756699037687,0.9909717555269381
235,HST,0.4936021689101217,0.49083665338645416,1.0159253972947788,0.9848296679005788
237,HPQ,0.5377464698627421,0.545816733067729,1.0136692093581254,0.9844847443293316
238,HUM,0.5108728287998641,0.5338645418326693,1.0118391758578276,0.9879995914490967
239,HBAN,0.5123656064451134,0.5131474103585657,1.0145986816118349,0.985027153374638
240,HII,0.5203232015907624,0.5195219123505976,1.0121106508275741,0.9872354359042205
241,IBM,0.530508877290793,0.5227091633466135,1.0098690343629677,0.9892287144062225
242,IEX,0.5177490698168723,0.5346613545816733,1.010174603535064,0.989446771744527
243,IDXX,0.5275505701703079,0.5537848605577689,1.013511112881125,0.9852911073822658
245,ITW,0.5102552893115739,0.5179282868525896,1.0105528342558805,0.9893698655457143
246,ILMN,0.5030302933875053,0.502788844621514,1.0164391188857809,0.9837197573310903
247,INCY,0.5183643298364659,0.5123505976095617,1.013815170662829,0.9855021030596745
248,IR,0.5275596102554201,0.5298804780876494,1.013033312573442,0.985824112261433
249,INTC,0.5223503936325248,0.5067729083665339,1.0131831302013607,0.9859570157974107
250,ICE,0.5220553773397666,0.5330677290836653,1.0090232952091511,0.9905175784034604
251,IFF,0.5084974442283144,0.49482071713147413,1.0121661116780232,0.9877765654511395
252,IP,0.5325709450574363,0.5155378486055777,1.0126860137945182,0.9859280998632652
253,IPG,0.5029082358815382,0.5179282868525896,1.0141557269083732,0.9860379012997313
254,INTU,0.5185744871934619,0.5442231075697211,1.0137302495132914,0.9855812175667045
255,ISRG,0.5133080578106641,0.5346613545816733,1.0139529516363115,0.9856509333186243
256,IVZ,0.5288084253877193,0.5163346613545817,1.0166067767535272,0.9817415748584234
257,IPGP,0.5265102092422244,0.5115537848605578,1.0173830980802323,0.9810475507407639
258,IQV,0.5059836007039139,0.5282868525896415,1.0129635739077318,0.987083893491149
259,IRM,0.5193906204699634,0.5282868525896415,1.0119466753470625,0.987460911075937
260,JBHT,0.5170274637952221,0.5282868525896415,1.0121833753159377,0.987327328558344
261,JKHY,0.5435718122254249,0.5561752988047809,1.0092928782309172,0.9893241490821809
263,SJM,0.5260759797636294,0.5322709163346614,1.0097713204298666,0.9895302424366388
264,JNJ,0.5111274655784799,0.5155378486055777,1.0078303669105064,0.9921784760834577
265,JCI,0.5226634557670755,0.5378486055776892,1.0116184899469172,0.98765237481969
266,JPM,0.5158731781439375,0.5219123505976095,1.0117515639700538,0.9878467190529993
267,JNPR,0.5304187550120715,0.5314741035856574,1.011057966011699,0.9878897097101074
269,K,0.5357564033946122,0.5330677290836653,1.008739035581067,0.990299474388917
270,KEY,0.5254804796056889,0.5243027888446216,1.0149973657647313,0.9837683482966634
271,KEYS,0.50293560839745,0.5450199203187251,1.0129831163238923,0.9872228141038681
272,KMB,0.5026555086169834,0.503585657370518,1.008882814102125,0.9913814103879265
273,KIM,0.51416212596634,0.5219123505976095,1.0148174769957328,0.9846862533823996
274,KMI,0.5114865404063128,0.5091633466135458,1.0119224845318298,0.9878824157726201
275,KLAC,0.5024965413954445,0.5346613545816733,1.0170979538085374,0.9830894134808053
276,KHC,0.5316735163990889,0.5075697211155379,1.0106178225103053,0.9883273147076267
277,KR,0.5241405909161972,0.5386454183266932,1.0117612902250377,0.9874206916563547
279,LH,0.5129051740308591,0.5243027888446216,1.0113388146235254,0.9884269981657701
280,LRCX,0.4847987314908996,0.5051792828685259,1.0196372065017714,0.9818682406281373
281,LW,0.5111553964489239,0.5258964143426295,1.0130896572183619,0.9866782582765001
282,LVS,0.5021958981106894,0.49880478087649405,1.0183943362766041,0.9818021329699782
283,LEG,0.5244633541174591,0.5155378486055777,1.0140186927747277,0.9849145101188487
284,LDOS,0.5348344702958657,0.550597609561753,1.0105676359934306,0.9882335463917348
285,LEN,0.5063962813460963,0.5171314741035856,1.01630439981521,0.9836348476372236
286,LNC,0.5215679900802783,0.5107569721115538,1.019023744473467,0.9796343292392501
288,LYV,0.5018961488787008,0.5187250996015936,1.0176121698952965,0.9826122748279266
289,LKQ,0.4865830956322249,0.4964143426294821,1.0149106473785259,0.9862165006143696
290,LMT,0.49902741952195895,0.5123505976095617,1.0099525291250775,0.9904425955827012
291,L,0.5251220421336517,0.5290836653386454,1.0107785490318106,0.9884571052106683
292,LOW,0.5248989320704343,0.5490039840637451,1.012291771194977,0.9867957564746425
294,LYB,0.49133005802550256,0.48685258964143424,1.0165952182206333,0.9843215777072762
295,MTB,0.5174821162573948,0.5139442231075697,1.0136492999180453,0.9857317594526789
296,MRO,0.4847496890400022,0.501195219123506,1.024079741527136,0.9776922796560193
297,MPC,0.50366643826937,0.5203187250996016,1.017717385122212,0.9823806698542396
298,MKTX,0.5202715280949018,0.5298804780876494,1.0133605423339247,0.985882592342384
299,MAR,0.5186850094274768,0.5250996015936255,1.0151775102577227,0.9840151255863386
300,MMC,0.5195273233981222,0.546613545816733,1.008454005641778,0.9912305116297827
301,MLM,0.4951405465353417,0.5067729083665339,1.0141256886924759,0.986499977767655
302,MAS,0.5122136469455968,0.5131474103585657,1.012249068598058,0.9875036423492969
303,MA,0.5183942465053403,0.5434262948207171,1.0123053623334899,0.9871254825830994
304,MTCH,0.4623561651865142,0.49243027888446217,1.024232324947812,0.979493157460179
305,MKC,0.5187641997642366,0.5354581673306773,1.0091316980917242,0.9905272827220867
306,MCD,0.5192553923018844,0.5338645418326693,1.0081898672226914,0.9915255516567767
307,MCK,0.5257257038833103,0.552191235059761,1.012105654464119,0.9869576184259478
308,MDT,0.524691329749802,0.5179282868525896,1.0097756943834622,0.9895843795374439
309,MRK,0.49987963772465693,0.5243027888446216,1.009328503294858,0.9910330756105472
310,MET,0.5232113696365991,0.5346613545816733,1.0126514219089826,0.9864913296977278
311,MTD,0.513620562038939,0.5386454183266932,1.0123170415576734,0.9873602830335866
312,MGM,0.5164758289126373,0.5243027888446216,1.0199337455324673,0.9790771362038309
313,MCHP,0.505424230672529,0.5179282868525896,1.0170595726970948,0.9829273196215922
314,MU,0.4959216487985717,0.50199203187251,1.0198882258256279,0.9807878788155778
315,MSFT,0.5232139035141965,0.5569721115537849,1.0107176343278628,0.9886132839029161
316,MAA,0.5447028841273704,0.5593625498007968,1.00925721601606,0.9893172068963852
318,MHK,0.5141932089946215,0.49721115537848604,1.017164899607189,0.9821997394894443
319,TAP,0.5321279852583328,0.5179282868525896,1.0125931971048316,0.9860589968528928
320,MDLZ,0.5270429834171115,0.5418326693227091,1.0077336304637923,0.9917595718802464
321,MPWR,0.5050131773027281,0.5322709163346614,1.0182069467212986,0.9817850491651966
322,MNST,0.5131530024420742,0.5282868525896415,1.01077569676678,0.9890088799916165
323,MCO,0.5221018321635892,0.5418326693227091,1.0114066731574445,0.9879119486748643
324,MS,0.5149930758713294,0.5290836653386454,1.0137315693168667,0.9857876755924279
325,MSI,0.5046926095273749,0.5402390438247012,1.0111450484967004,0.9890043307641465
326,MSCI,0.5203532783139349,0.5569721115537849,1.013527024519025,0.9856972978845884
327,NDAQ,0.5267894189236928,0.5569721115537849,1.0097923669855589,0.9894762963045222
328,NTAP,0.5262952016238232,0.5290836653386454,1.0144129549595828,0.9843639294167152
329,NFLX,0.49487555681839196,0.5067729083665339,1.0175670881604109,0.9831428962177513
330,NWL,0.5159052742664907,0.49880478087649405,1.016517685633424,0.9827658238768876
331,NEM,0.4939456887890289,0.500398406374502,1.0135250158930444,0.9871515057302543
332,NWSA,0.5036900996083282,0.5067729083665339,1.013172765157696,0.9869911843066123
333,NWS,0.5116304492904247,0.5147410358565737,1.0130382191615503,0.9867064550917638
334,NEE,0.5234890119748594,0.551394422310757,1.0096042940531722,0.9898236238973
336,NKE,0.5180011640840029,0.5370517928286852,1.0124053558928552,0.9870385549622656
337,NI,0.5431209472695028,0.5426294820717131,1.0090634430361347,0.9896165990417843
338,NSC,0.5135016271774099,0.5290836653386454,1.0119940427858218,0.987707311169697
339,NTRS,0.5053432782064134,0.501195219123506,1.01312804633788,0.9869493684912956
340,NOC,0.49498092090107526,0.5131474103585657,1.0112715423584946,0.9893061247253847
342,NCLH,0.5007143060624855,0.49163346613545816,1.025939058452278,0.9743444075506565
343,NRG,0.5097436156680226,0.5131474103585657,1.0135180435619215,0.9863089003159856
344,NUE,0.4945852822212293,0.5131474103585657,1.0168280874842666,0.9838858332815383
345,NVDA,0.5089244246857078,0.5338645418326693,1.0197254849086044,0.9799212296823165
346,NVR,0.5290614351180419,0.5378486055776892,1.013216390962732,0.9855316682375888
347,NXPI,0.5005041648546639,0.5099601593625498,1.0176527919938079,0.9826691076647377
348,ORLY,0.5135440798297154,0.5561752988047809,1.0104433892760867,0.9893421928941096
349,OXY,0.5004519849299397,0.5075697211155379,1.0223878584175283,0.9779291269760364
350,ODFL,0.506228226571556,0.5394422310756972,1.013678517567169,0.9863380924553087
351,OMC,0.5204282936525572,0.5243027888446216,1.012070294792995,0.9872737789389479
352,OKE,0.5402998269693466,0.552191235059761,1.015202279141225,0.9825207779166757
353,ORCL,0.5092022277802811,0.5266932270916335,1.0102805201377294,0.9896978416169132
356,PCAR,0.5062375868386422,0.5139442231075697,1.0111706924145885,0.9889087608697947
357,PKG,0.5129614469927027,0.5123505976095617,1.0120043792418778,0.9877233612496482
358,PH,0.5037104421605323,0.5155378486055777,1.0140302393676877,0.9861198153511299
359,PAYX,0.5171375959572602,0.5346613545816733,1.009992669158489,0.9896678691680093
360,PAYC,0.5296064360595335,0.5617529880478087,1.018103831496022,0.9799969237984233
361,PYPL,0.5259958633778936,0.5266932270916335,1.0155589820672595,0.9831111751694831
362,PENN,0.48941562897179997,0.503585657370518,1.027633060925079,0.9738623716726958
363,PNR,0.5481958629555924,0.5362549800796813,1.0118670325302423,0.9859964302083886
365,PEP,0.5257035145351195,0.5402390438247012,1.0072936323903618,0.9922923721343642
366,PKI,0.5225248906753993,0.5402390438247012,1.0129698027149372,0.9861805207361708
367,PFE,0.4949186237737143,0.5043824701195219,1.0105271865226417,0.9900382125941966
368,PM,0.5498071667954004,0.545816733067729,1.0095386601106275,0.9887474079029863
369,PSX,0.5171495948299405,0.5203187250996016,1.015444564094759,0.9838281948054257
370,PNW,0.534681917205332,0.5274900398406375,1.009413205526238,0.9895673871617822
371,PXD,0.4998919580649516,0.5107569721115538,1.0188269655962374,0.9815382666369409
372,PNC,0.5225968717383774,0.5250996015936255,1.0123311431250892,0.9868756003515377
373,POOL,0.5200097945489531,0.5450199203187251,1.0127966530881212,0.9865084797641138
374,PPG,0.5180752488204989,0.5179282868525896,1.0117548428916794,0.9877339651717686
375,PPL,0.5392153108838056,0.5338645418326693,1.0091631962841028,0.9896646992139473
376,PFG,0.5157433979187541,0.5227091633466135,1.0142953750077102,0.9851439136262016
377,PG,0.516002156649382,0.5346613545816733,1.0078686326119508,0.9919800385940187
378,PGR,0.5165529708344873,0.546613545816733,1.0098255921338186,0.9898709659215688
379,PLD,0.5212420163797941,0.5394422310756972,1.0107006018424711,0.98872287023472
380,PRU,0.522930689839461,0.5203187250996016,1.0136959671176033,0.9853617618851258
381,PTC,0.5272196177721471,0.546613545816733,1.0143590940039453,0.9843652381596625
382,PEG,0.5162017663726965,0.5195219123505976,1.0093435504941957,0.9903997791371101
383,PSA,0.523456206473068,0.5314741035856574,1.0092389246208042,0.9902263231128716
384,PHM,0.5258211874354025,0.5362549800796813,1.0153018911142997,0.9834082186427122
385,PVH,0.4939072654958687,0.4892430278884462,1.0219698458921604,0.9789120087941564
386,QRVO,0.5023785396328415,0.5115537848605578,1.017039529595673,0.9831564607066537
387,QCOM,0.504429846265609,0.5195219123505976,1.0152049648176438,0.9848835717090926
388,PWR,0.4910546863729171,0.5282868525896415,1.0143490760938147,0.9865062247284524
389,DGX,0.50641276420972,0.5211155378486055,1.0104446211794051,0.9896457976653203
390,RL,0.5134519412759798,0.5179282868525896,1.017237741622544,0.982176139909686
391,RJF,0.5072051938585349,0.5243027888446216,1.0138810968224188,0.9860753868631156
393,O,0.5398098584544704,0.5426294820717131,1.0095778939118656,0.9891530614569585
394,REG,0.5164610420912941,0.5147410358565737,1.0125101005013346,0.9870074746503175
395,REGN,0.4859462668353364,0.503585657370518,1.0137444978611658,0.9873544346974339
396,RF,0.503247009976834,0.5107569721115538,1.0157902431338102,0.98436284143929
397,RSG,0.5212750395845335,0.547410358565737,1.007734205890606,0.9919514096256052
398,RMD,0.5272883166575716,0.5561752988047809,1.0115112354730285,0.9875375354377344
399,RHI,0.5077433013127991,0.5163346613545817,1.0136185324386682,0.986315815987855
400,ROK,0.5246130834739278,0.5322709163346614,1.0123559850261585,0.9867402239914467
401,ROL,0.5286759075996134,0.546613545816733,1.0106216304487643,0.9884648104521857
402,ROP,0.5208206666570845,0.5370517928286852,1.0098507492905893,0.9896659014806579
403,ROST,0.5175202602218454,0.5298804780876494,1.0139655982154039,0.9853902826004
404,RCL,0.4940720058159718,0.4900398406374502,1.0236910310685339,0.9772171376184252
405,SPGI,0.5070472757796041,0.5290836653386454,1.0109447050579994,0.9891046438196163
406,CRM,0.5249727454250158,0.5322709163346614,1.0142254051357975,0.9846548539156
407,SBAC,0.5281288722389634,0.5450199203187251,1.0108780580436627,0.9882034970442812
408,SLB,0.49046743248084657,0.4900398406374502,1.0199335964693874,0.981162749706493
409,STX,0.5265843994980479,0.5338645418326693,1.0157709048892976,0.9828351133789054
410,SEE,0.5247700677131967,0.5250996015936255,1.0123039124801685,0.9867892630799858
411,SRE,0.5246693613839024,0.5362549800796813,1.0096810983675344,0.9896897276833253
412,NOW,0.5093648216479851,0.5370517928286852,1.0171388187534578,0.982570911419485
413,SHW,0.5107024768206023,0.5282868525896415,1.011121104896629,0.9887573752539206
414,SPG,0.5045092477299165,0.500398406374502,1.0159005269774328,0.9841704905801745
415,SWKS,0.5088646399251823,0.5083665338645418,1.016077386749969,0.9837058642146156
416,SNA,0.5174226543152988,0.5250996015936255,1.012152439561636,0.9873401430555727
417,SO,0.527224611173466,0.5410358565737052,1.008680384507576,0.990697644003084
418,LUV,0.4944620542652469,0.4796812749003984,1.0158141482516474,0.9848855878732086
419,SWK,0.5237322340183985,0.5051792828685259,1.0147364442333966,0.9841699060382402
420,SBUX,0.5097842461828435,0.5266932270916335,1.0113230657718528,0.9885892423243685
421,STT,0.5139371506381684,0.5091633466135458,1.014787935195893,0.9847314356265966
422,STE,0.5186593964911422,0.5434262948207171,1.0105929943051275,0.9889567416062884
423,SYK,0.5157324193678589,0.5290836653386454,1.0114397363008651,0.9881857556962432
424,SIVB,0.5176961146648631,0.5227091633466135,1.0191645265122888,0.9797994297005599
425,SYF,0.5254061534132926,0.5258964143426295,1.0162317074512652,0.9824067428139831
426,SNPS,0.5138178709404493,0.552191235059761,1.013100989811927,0.9865216450229168
427,SYY,0.5125666485037904,0.5227091633466135,1.0125658829669781,0.987152571474122
428,TMUS,0.482365779939553,0.5091633466135458,1.011047103007589,0.9900505861371981
429,TROW,0.516842350689883,0.5179282868525896,1.0129693991778483,0.9864960279651319
430,TTWO,0.5138719492772691,0.5123505976095617,1.0145325137553824,0.9850054655617138
431,TPR,0.507010215339015,0.5099601593625498,1.019327090413444,0.9804855086285117
432,TGT,0.49432453932639153,0.5203187250996016,1.012646422493759,0.9879906183466634
433,TEL,0.5207233363212933,0.5250996015936255,1.0121782061189046,0.9871412709729225
434,TDY,0.5238497278164187,0.5482071713147411,1.011753233701833,0.9874444240578638
435,TFX,0.5333545480874196,0.5322709163346614,1.0124721010496018,0.9861276598345041
436,TER,0.5099461262072951,0.5290836653386454,1.0174833153253673,0.9821714264139675
437,TSLA,0.4927074112014846,0.5282868525896415,1.0267041850666134,0.9744156275774548
438,TXN,0.5116854939317945,0.5235059760956176,1.0121039462543544,0.9876824745741939
439,TXT,0.5044089805610467,0.5123505976095617,1.0149248698221423,0.9851699269956197
440,COO,0.5347087667399707,0.545816733067729,1.0106516027988008,0.9881430862466529
441,HIG,0.5157705776213852,0.5274900398406375,1.0118520405055929,0.9877447628543242
442,HSY,0.5293987614249117,0.5585657370517928,1.007872897099522,0.9915229407130468
443,MOS,0.49498655524666935,0.5107569721115538,1.0210318015046909,0.9797394075141145
444,TRV,0.5387330309057653,0.5490039840637451,1.0094979498619834,0.9892941132272355
445,DIS,0.4983506607399818,0.4892430278884462,1.012394394744573,0.9880431070718046
446,TMO,0.5123792018998312,0.545816733067729,1.0113591986641155,0.9884302929769947
447,TJX,0.5012538351064273,0.5250996015936255,1.012586180751226,0.9877086092505499
448,TSCO,0.5139731172071432,0.547410358565737,1.0123165888960244,0.9873426585387618
450,TDG,0.5094294627730946,0.5354581673306773,1.0148581477043668,0.9849347030271769
451,TRMB,0.5103981467509817,0.5171314741035856,1.014583159001287,0.9851621681853832
454,TYL,0.5363355321220175,0.5537848605577689,1.011522265316925,0.9870569919794132
455,TSN,0.5096383170269143,0.499601593625498,1.0113724639635089,0.9885446677086267
456,USB,0.5235946563721073,0.5155378486055777,1.0116721615358373,0.9875465417959033
457,UDR,0.5383885064488785,0.5362549800796813,1.009893145123958,0.9888482667223678
458,ULTA,0.5194969556037261,0.5394422310756972,1.0157319439699326,0.9833630406343119
459,UAA,0.5127894461854068,0.5115537848605578,1.020959110092129,0.9783070727829397
460,UA,0.5188328228050947,0.5163346613545817,1.0201662484011682,0.9786262972675652
461,UNP,0.5221386111448918,0.5346613545816733,1.0110305946082796,0.9883210652594419
462,UAL,0.510384949505297,0.5083665338645418,1.0207716131803422,0.9787119873862883
463,UPS,0.5164143183394289,0.5258964143426295,1.0112054232274348,0.9884031851293755
464,URI,0.49772792016501716,0.5171314741035856,1.0195074273399183,0.9810246194305667
465,UNH,0.48589295356533857,0.5155378486055777,1.0112193522653856,0.9897437374716276
466,UHS,0.5121568679932164,0.5203187250996016,1.0135687774764328,0.9861210402336167
467,VLO,0.5041998411656972,0.5155378486055777,1.0181115819690862,0.9819417779136557
468,VTR,0.5185429852349217,0.5163346613545817,1.0141537442031066,0.9851269434688241
469,VRSN,0.5272686096667506,0.547410358565737,1.0105378938032188,0.9886241672310995
470,VRSK,0.5289383902651518,0.549800796812749,1.0093611899597403,0.9898677682998626
471,VZ,0.5294820574966735,0.5067729083665339,1.0074349255270278,0.9920129033294824
472,VRTX,0.5112160720627698,0.5306772908366534,1.0122551530612323,0.9875477823856053
473,VFC,0.5369165304549611,0.5123505976095617,1.013916818062804,0.9842499618847955
476,V,0.5126962995813857,0.5314741035856574,1.0108454551724535,0.98895588653201
477,VNO,0.5123720557562915,0.4796812749003984,1.0146080296195639,0.9850169399035198
478,VMC,0.48644065798526825,0.49482071713147413,1.0137721613588255,0.9873028269054812
479,WRB,0.5214387589638493,0.551394422310757,1.0099560693594545,0.98952507506312
480,GWW,0.5071826508044122,0.5346613545816733,1.0120985905854618,0.98791112390735
481,WAB,0.5183748508544861,0.5250996015936255,1.0146215442357898,0.984633581838029
482,WBA,0.5362625867793143,0.5139442231075697,1.0119838331822155,0.9865270866005041
483,WMT,0.5038826447578907,0.5147410358565737,1.008563135467288,0.9916628033073738
484,WM,0.5219009728866716,0.5442231075697211,1.0078233721239143,0.9918334112225632
485,WAT,0.5358875456472825,0.552988047808765,1.0112318215880052,0.987415968100465
486,WEC,0.5203339805055741,0.5314741035856574,1.008873746183049,0.9907462189948282
487,WFC,0.533249674163947,0.5227091633466135,1.0131504134233584,0.9853586255403508
489,WST,0.5213715758348014,0.547410358565737,1.0124164077255204,0.9868478879004245
490,WDC,0.5077991360391082,0.49482071713147413,1.020464182383582,0.979250124271332
491,WU,0.5286312370426584,0.5155378486055777,1.0111169925468635,0.9879113708912443
492,WRK,0.5350628646015042,0.5219123505976095,1.0151603511477747,0.9829371479795964
493,WY,0.5130069092104913,0.5099601593625498,1.0133618400686923,0.9862911219319697
494,WHR,0.5126926359540077,0.5099601593625498,1.0152024162510531,0.9843721231216495
495,WMB,0.5006836365117668,0.502788844621514,1.013251425111217,0.9870699524142443
497,WYNN,0.4846301058806631,0.48047808764940236,1.0234977029411612,0.9782503653806103
498,XEL,0.5306624226298805,0.5418326693227091,1.0085887767299995,0.9906695012189124
500,XYL,0.5116596142956936,0.5258964143426295,1.0122910763351085,0.987487702876161
501,YUM,0.5184050528634216,0.5338645418326693,1.0093304925911615,0.9903271677594168
502,ZBRA,0.5097544302765781,0.5346613545816733,1.0154367424399178,0.9843132484017612
503,ZBH,0.5026630482124881,0.502788844621514,1.0123397041986097,0.9878872343358688
504,ZION,0.5064403869610289,0.5075697211155379,1.015543847190719,0.9844123295150464
505,ZTS,0.5185634052191969,0.5418326693227091,1.0106788306311028,0.9888685998103955
